# Giorno    	# Fase	#2023-06-23	 4.622	ğŸŒ’	Luna crescente
2023-06-24	 5.478	ğŸŒ’	Luna crescente
2023-06-25	 6.256	ğŸŒ’	Luna crescente
2023-06-26	 7.111	ğŸŒ“	Primo quarto
2023-06-27	 8.045	ğŸŒ”	Gibbosa crescente
2023-06-28	 8.900	ğŸŒ”	Gibbosa crescente
2023-06-29	 9.911	ğŸŒ”	Gibbosa crescente
2023-06-30	10.845	ğŸŒ”	Gibbosa crescente
2023-07-01	11.856	ğŸŒ”	Gibbosa crescente
2023-07-02	12.867	ğŸŒ”	Gibbosa crescente
2023-07-03	13.956	ğŸŒ”	Gibbosa crescente
2023-07-04	15.045	ğŸŒ–	Gibbosa calante
2023-07-05	16.133	ğŸŒ–	Gibbosa calante
2023-07-06	17.222	ğŸŒ–	Gibbosa calante
2023-07-07	18.311	ğŸŒ–	Gibbosa calante
2023-07-08	19.322	ğŸŒ–	Gibbosa calante
2023-07-09	20.333	ğŸŒ–	Gibbosa calante
2023-07-10	21.345	ğŸŒ—	Ultimo quarto
2023-07-11	22.356	ğŸŒ˜	Luna calante
2023-07-12	23.289	ğŸŒ˜	Luna calante
2023-07-13	24.222	ğŸŒ˜	Luna calante
2023-07-14	25.156	ğŸŒ˜	Luna calante
2023-07-15	26.089	ğŸŒ˜	Luna calante
2023-07-16	26.945	ğŸŒ˜	Luna calante
2023-07-17	27.800	ğŸŒ˜	Luna calante
2023-07-18	 0.656	ğŸŒ‘	Luna nuova
2023-07-19	 1.511	ğŸŒ’	Luna crescente
2023-07-20	 2.367	ğŸŒ’	Luna crescente
2023-07-21	 3.222	ğŸŒ’	Luna crescente
2023-07-22	 4.078	ğŸŒ’	Luna crescente
2023-07-23	 4.856	ğŸŒ’	Luna crescente
2023-07-24	 5.711	ğŸŒ’	Luna crescente
2023-07-25	 6.645	ğŸŒ’	Luna crescente
2023-07-26	 7.500	ğŸŒ“	Primo quarto
2023-07-27	 8.433	ğŸŒ”	Gibbosa crescente
2023-07-28	 9.445	ğŸŒ”	Gibbosa crescente
2023-07-29	10.456	ğŸŒ”	Gibbosa crescente
2023-07-30	11.467	ğŸŒ”	Gibbosa crescente
2023-07-31	12.556	ğŸŒ”	Gibbosa crescente
2023-08-01	13.645	ğŸŒ”	Gibbosa crescente
2023-08-02	14.733	ğŸŒ•	Luna piena
2023-08-03	15.822	ğŸŒ–	Gibbosa calante
2023-08-04	16.911	ğŸŒ–	Gibbosa calante
2023-08-05	18.000	ğŸŒ–	Gibbosa calante
2023-08-06	19.011	ğŸŒ–	Gibbosa calante
2023-08-07	20.022	ğŸŒ–	Gibbosa calante
2023-08-08	21.033	ğŸŒ—	Ultimo quarto
2023-08-09	21.967	ğŸŒ˜	Luna calante
2023-08-10	22.900	ğŸŒ˜	Luna calante
2023-08-11	23.833	ğŸŒ˜	Luna calante
2023-08-12	24.689	ğŸŒ˜	Luna calante
2023-08-13	25.545	ğŸŒ˜	Luna calante
2023-08-14	26.400	ğŸŒ˜	Luna calante
2023-08-15	27.256	ğŸŒ˜	Luna calante
2023-08-16	 0.111	ğŸŒ‘	Luna nuova
2023-08-17	 0.967	ğŸŒ’	Luna crescente
2023-08-18	 1.822	ğŸŒ’	Luna crescente
2023-08-19	 2.678	ğŸŒ’	Luna crescente
2023-08-20	 3.533	ğŸŒ’	Luna crescente
2023-08-21	 4.389	ğŸŒ’	Luna crescente
2023-08-22	 5.245	ğŸŒ’	Luna crescente
2023-08-23	 6.178	ğŸŒ’	Luna crescente
2023-08-24	 7.111	ğŸŒ“	Primo quarto
2023-08-25	 8.045	ğŸŒ”	Gibbosa crescente
2023-08-26	 9.056	ğŸŒ”	Gibbosa crescente
2023-08-27	10.067	ğŸŒ”	Gibbosa crescente
2023-08-28	11.078	ğŸŒ”	Gibbosa crescente
2023-08-29	12.167	ğŸŒ”	Gibbosa crescente
2023-08-30	13.256	ğŸŒ”	Gibbosa crescente
2023-08-31	14.345	ğŸŒ•	Luna piena
2023-09-01	15.433	ğŸŒ–	Gibbosa calante
2023-09-02	16.522	ğŸŒ–	Gibbosa calante
2023-09-03	17.611	ğŸŒ–	Gibbosa calante
2023-09-04	18.622	ğŸŒ–	Gibbosa calante
2023-09-05	19.633	ğŸŒ–	Gibbosa calante
2023-09-06	20.645	ğŸŒ–	Gibbosa calante
2023-09-07	21.578	ğŸŒ—	Ultimo quarto
2023-09-08	22.433	ğŸŒ˜	Luna calante
2023-09-09	23.289	ğŸŒ˜	Luna calante
2023-09-10	24.222	ğŸŒ˜	Luna calante
2023-09-11	25.000	ğŸŒ˜	Luna calante
2023-09-12	25.856	ğŸŒ˜	Luna calante
2023-09-13	26.711	ğŸŒ˜	Luna calante
2023-09-14	27.567	ğŸŒ˜	Luna calante
2023-09-15	 0.422	ğŸŒ‘	Luna nuova
2023-09-16	 1.278	ğŸŒ’	Luna crescente
2023-09-17	 2.133	ğŸŒ’	Luna crescente
2023-09-18	 2.989	ğŸŒ’	Luna crescente
2023-09-19	 3.922	ğŸŒ’	Luna crescente
2023-09-20	 4.778	ğŸŒ’	Luna crescente
2023-09-21	 5.711	ğŸŒ’	Luna crescente
2023-09-22	 6.722	ğŸŒ’	Luna crescente
2023-09-23	 7.656	ğŸŒ“	Primo quarto
2023-09-24	 8.667	ğŸŒ”	Gibbosa crescente
2023-09-25	 9.678	ğŸŒ”	Gibbosa crescente
2023-09-26	10.767	ğŸŒ”	Gibbosa crescente
2023-09-27	11.856	ğŸŒ”	Gibbosa crescente
2023-09-28	12.867	ğŸŒ”	Gibbosa crescente
2023-09-29	13.956	ğŸŒ”	Gibbosa crescente
2023-09-30	15.045	ğŸŒ–	Gibbosa calante
2023-10-01	16.133	ğŸŒ–	Gibbosa calante
2023-10-02	17.145	ğŸŒ–	Gibbosa calante
2023-10-03	18.156	ğŸŒ–	Gibbosa calante
2023-10-04	19.167	ğŸŒ–	Gibbosa calante
2023-10-05	20.100	ğŸŒ–	Gibbosa calante
2023-10-06	20.956	ğŸŒ–	Gibbosa calante
2023-10-07	21.889	ğŸŒ—	Ultimo quarto
2023-10-08	22.745	ğŸŒ˜	Luna calante
2023-10-09	23.522	ğŸŒ˜	Luna calante
2023-10-10	24.378	ğŸŒ˜	Luna calante
2023-10-11	25.233	ğŸŒ˜	Luna calante
2023-10-12	26.089	ğŸŒ˜	Luna calante
2023-10-13	26.945	ğŸŒ˜	Luna calante
2023-10-14	27.800	ğŸŒ˜	Luna calante
2023-10-15	 0.656	ğŸŒ‘	Luna nuova
2023-10-16	 1.589	ğŸŒ’	Luna crescente
2023-10-17	 2.522	ğŸŒ’	Luna crescente
2023-10-18	 3.456	ğŸŒ’	Luna crescente
2023-10-19	 4.389	ğŸŒ’	Luna crescente
2023-10-20	 5.322	ğŸŒ’	Luna crescente
2023-10-21	 6.333	ğŸŒ’	Luna crescente
2023-10-22	 7.345	ğŸŒ“	Primo quarto
2023-10-23	 8.356	ğŸŒ”	Gibbosa crescente
2023-10-24	 9.367	ğŸŒ”	Gibbosa crescente
2023-10-25	10.378	ğŸŒ”	Gibbosa crescente
2023-10-26	11.467	ğŸŒ”	Gibbosa crescente
2023-10-27	12.478	ğŸŒ”	Gibbosa crescente
2023-10-28	13.567	ğŸŒ”	Gibbosa crescente
2023-10-29	14.578	ğŸŒ•	Luna piena
2023-10-30	15.589	ğŸŒ–	Gibbosa calante
2023-10-31	16.600	ğŸŒ–	Gibbosa calante
2023-11-01	17.611	ğŸŒ–	Gibbosa calante
2023-11-02	18.545	ğŸŒ–	Gibbosa calante
2023-11-03	19.400	ğŸŒ–	Gibbosa calante
2023-11-04	20.333	ğŸŒ–	Gibbosa calante
2023-11-05	21.189	ğŸŒ—	Ultimo quarto
2023-11-06	22.045	ğŸŒ˜	Luna calante
2023-11-07	22.822	ğŸŒ˜	Luna calante
2023-11-08	23.678	ğŸŒ˜	Luna calante
2023-11-09	24.533	ğŸŒ˜	Luna calante
2023-11-10	25.389	ğŸŒ˜	Luna calante
2023-11-11	26.245	ğŸŒ˜	Luna calante
2023-11-12	27.178	ğŸŒ˜	Luna calante
2023-11-13	 0.111	ğŸŒ‘	Luna nuova
2023-11-14	 1.045	ğŸŒ’	Luna crescente
2023-11-15	 1.978	ğŸŒ’	Luna crescente
2023-11-16	 2.989	ğŸŒ’	Luna crescente
2023-11-17	 4.000	ğŸŒ’	Luna crescente
2023-11-18	 5.011	ğŸŒ’	Luna crescente
2023-11-19	 6.022	ğŸŒ’	Luna crescente
2023-11-20	 7.033	ğŸŒ“	Primo quarto
2023-11-21	 8.045	ğŸŒ”	Gibbosa crescente
2023-11-22	 9.056	ğŸŒ”	Gibbosa crescente
2023-11-23	10.067	ğŸŒ”	Gibbosa crescente
2023-11-24	11.078	ğŸŒ”	Gibbosa crescente
2023-11-25	12.089	ğŸŒ”	Gibbosa crescente
2023-11-26	13.100	ğŸŒ”	Gibbosa crescente
2023-11-27	14.111	ğŸŒ•	Luna piena
2023-11-28	15.045	ğŸŒ–	Gibbosa calante
2023-11-29	15.978	ğŸŒ–	Gibbosa calante
2023-11-30	16.911	ğŸŒ–	Gibbosa calante
2023-12-01	17.845	ğŸŒ–	Gibbosa calante
2023-12-02	18.700	ğŸŒ–	Gibbosa calante
2023-12-03	19.556	ğŸŒ–	Gibbosa calante
2023-12-04	20.411	ğŸŒ–	Gibbosa calante
2023-12-05	21.267	ğŸŒ—	Ultimo quarto
2023-12-06	22.045	ğŸŒ˜	Luna calante
2023-12-07	22.900	ğŸŒ˜	Luna calante
2023-12-08	23.756	ğŸŒ˜	Luna calante
2023-12-09	24.689	ğŸŒ˜	Luna calante
2023-12-10	25.622	ğŸŒ˜	Luna calante
2023-12-11	26.556	ğŸŒ˜	Luna calante
2023-12-12	27.489	ğŸŒ˜	Luna calante
2023-12-13	 0.500	ğŸŒ‘	Luna nuova
2023-12-14	 1.511	ğŸŒ’	Luna crescente
2023-12-15	 2.522	ğŸŒ’	Luna crescente
2023-12-16	 3.533	ğŸŒ’	Luna crescente
2023-12-17	 4.622	ğŸŒ’	Luna crescente
2023-12-18	 5.633	ğŸŒ’	Luna crescente
2023-12-19	 6.645	ğŸŒ’	Luna crescente
2023-12-20	 7.656	ğŸŒ“	Primo quarto
2023-12-21	 8.667	ğŸŒ”	Gibbosa crescente
2023-12-22	 9.678	ğŸŒ”	Gibbosa crescente
2023-12-23	10.689	ğŸŒ”	Gibbosa crescente
2023-12-24	11.622	ğŸŒ”	Gibbosa crescente
2023-12-25	12.556	ğŸŒ”	Gibbosa crescente
2023-12-26	13.489	ğŸŒ”	Gibbosa crescente
2023-12-27	14.422	ğŸŒ•	Luna piena
2023-12-28	15.356	ğŸŒ–	Gibbosa calante
2023-12-29	16.211	ğŸŒ–	Gibbosa calante
2023-12-30	17.145	ğŸŒ–	Gibbosa calante
2023-12-31	18.000	ğŸŒ–	Gibbosa calante
2024-01-01	18.778	ğŸŒ–	Gibbosa calante
2024-01-02	19.633	ğŸŒ–	Gibbosa calante
2024-01-03	20.489	ğŸŒ–	Gibbosa calante
2024-01-04	21.345	ğŸŒ—	Ultimo quarto
2024-01-05	22.200	ğŸŒ˜	Luna calante
2024-01-06	23.056	ğŸŒ˜	Luna calante
2024-01-07	23.989	ğŸŒ˜	Luna calante
2024-01-08	24.922	ğŸŒ˜	Luna calante
2024-01-09	25.933	ğŸŒ˜	Luna calante
2024-01-10	26.945	ğŸŒ˜	Luna calante
2024-01-11	27.956	ğŸŒ˜	Luna calante
2024-01-12	 0.967	ğŸŒ‘	Luna nuova
2024-01-13	 2.056	ğŸŒ’	Luna crescente
2024-01-14	 3.145	ğŸŒ’	Luna crescente
2024-01-15	 4.156	ğŸŒ’	Luna crescente
2024-01-16	 5.245	ğŸŒ’	Luna crescente
2024-01-17	 6.256	ğŸŒ’	Luna crescente
2024-01-18	 7.267	ğŸŒ“	Primo quarto
2024-01-19	 8.278	ğŸŒ”	Gibbosa crescente
2024-01-20	 9.211	ğŸŒ”	Gibbosa crescente
2024-01-21	10.222	ğŸŒ”	Gibbosa crescente
2024-01-22	11.156	ğŸŒ”	Gibbosa crescente
2024-01-23	12.011	ğŸŒ”	Gibbosa crescente
2024-01-24	12.945	ğŸŒ”	Gibbosa crescente
2024-01-25	13.800	ğŸŒ”	Gibbosa crescente
2024-01-26	14.656	ğŸŒ•	Luna piena
2024-01-27	15.511	ğŸŒ–	Gibbosa calante
2024-01-28	16.367	ğŸŒ–	Gibbosa calante
2024-01-29	17.222	ğŸŒ–	Gibbosa calante
2024-01-30	18.078	ğŸŒ–	Gibbosa calante
2024-01-31	18.856	ğŸŒ–	Gibbosa calante
2024-02-01	19.711	ğŸŒ–	Gibbosa calante
2024-02-02	20.567	ğŸŒ–	Gibbosa calante
2024-02-03	21.500	ğŸŒ—	Ultimo quarto
2024-02-04	22.356	ğŸŒ˜	Luna calante
2024-02-05	23.289	ğŸŒ˜	Luna calante
2024-02-06	24.300	ğŸŒ˜	Luna calante
2024-02-07	25.311	ğŸŒ˜	Luna calante
2024-02-08	26.400	ğŸŒ˜	Luna calante
2024-02-09	27.411	ğŸŒ˜	Luna calante
2024-02-10	 0.500	ğŸŒ‘	Luna nuova
2024-02-11	 1.589	ğŸŒ’	Luna crescente
2024-02-12	 2.678	ğŸŒ’	Luna crescente
2024-02-13	 3.767	ğŸŒ’	Luna crescente
2024-02-14	 4.856	ğŸŒ’	Luna crescente
2024-02-15	 5.867	ğŸŒ’	Luna crescente
2024-02-16	 6.878	ğŸŒ’	Luna crescente
2024-02-17	 7.811	ğŸŒ“	Primo quarto
2024-02-18	 8.745	ğŸŒ”	Gibbosa crescente
2024-02-19	 9.678	ğŸŒ”	Gibbosa crescente
2024-02-20	10.611	ğŸŒ”	Gibbosa crescente
2024-02-21	11.467	ğŸŒ”	Gibbosa crescente
2024-02-22	12.322	ğŸŒ”	Gibbosa crescente
2024-02-23	13.178	ğŸŒ”	Gibbosa crescente
2024-02-24	14.033	ğŸŒ•	Luna piena
2024-02-25	14.889	ğŸŒ–	Gibbosa calante
2024-02-26	15.667	ğŸŒ–	Gibbosa calante
2024-02-27	16.522	ğŸŒ–	Gibbosa calante
2024-02-28	17.378	ğŸŒ–	Gibbosa calante
2024-02-29	18.233	ğŸŒ–	Gibbosa calante
2024-03-01	19.089	ğŸŒ–	Gibbosa calante
2024-03-02	19.945	ğŸŒ–	Gibbosa calante
2024-03-03	20.878	ğŸŒ–	Gibbosa calante
2024-03-04	21.811	ğŸŒ—	Ultimo quarto
2024-03-05	22.745	ğŸŒ˜	Luna calante
2024-03-06	23.756	ğŸŒ˜	Luna calante
2024-03-07	24.845	ğŸŒ˜	Luna calante
2024-03-08	25.856	ğŸŒ˜	Luna calante
2024-03-09	26.945	ğŸŒ˜	Luna calante
2024-03-10	 0.033	ğŸŒ‘	Luna nuova
2024-03-11	 1.122	ğŸŒ’	Luna crescente
2024-03-12	 2.211	ğŸŒ’	Luna crescente
2024-03-13	 3.300	ğŸŒ’	Luna crescente
2024-03-14	 4.389	ğŸŒ’	Luna crescente
2024-03-15	 5.400	ğŸŒ’	Luna crescente
2024-03-16	 6.333	ğŸŒ’	Luna crescente
2024-03-17	 7.345	ğŸŒ“	Primo quarto
2024-03-18	 8.200	ğŸŒ”	Gibbosa crescente
2024-03-19	 9.133	ğŸŒ”	Gibbosa crescente
2024-03-20	 9.989	ğŸŒ”	Gibbosa crescente
2024-03-21	10.845	ğŸŒ”	Gibbosa crescente
2024-03-22	11.700	ğŸŒ”	Gibbosa crescente
2024-03-23	12.556	ğŸŒ”	Gibbosa crescente
2024-03-24	13.333	ğŸŒ”	Gibbosa crescente
2024-03-25	14.189	ğŸŒ•	Luna piena
2024-03-26	15.045	ğŸŒ–	Gibbosa calante
2024-03-27	15.900	ğŸŒ–	Gibbosa calante
2024-03-28	16.756	ğŸŒ–	Gibbosa calante
2024-03-29	17.611	ğŸŒ–	Gibbosa calante
2024-03-30	18.545	ğŸŒ–	Gibbosa calante
2024-03-31	19.478	ğŸŒ–	Gibbosa calante
2024-04-01	20.411	ğŸŒ–	Gibbosa calante
2024-04-02	21.345	ğŸŒ—	Ultimo quarto
2024-04-03	22.356	ğŸŒ˜	Luna calante
2024-04-04	23.367	ğŸŒ˜	Luna calante
2024-04-05	24.378	ğŸŒ˜	Luna calante
2024-04-06	25.467	ğŸŒ˜	Luna calante
2024-04-07	26.556	ğŸŒ˜	Luna calante
2024-04-08	27.645	ğŸŒ˜	Luna calante
2024-04-09	 0.733	ğŸŒ‘	Luna nuova
2024-04-10	 1.822	ğŸŒ’	Luna crescente
2024-04-11	 2.833	ğŸŒ’	Luna crescente
2024-04-12	 3.845	ğŸŒ’	Luna crescente
2024-04-13	 4.856	ğŸŒ’	Luna crescente
2024-04-14	 5.867	ğŸŒ’	Luna crescente
2024-04-15	 6.800	ğŸŒ’	Luna crescente
2024-04-16	 7.656	ğŸŒ“	Primo quarto
2024-04-17	 8.511	ğŸŒ”	Gibbosa crescente
2024-04-18	 9.367	ğŸŒ”	Gibbosa crescente
2024-04-19	10.222	ğŸŒ”	Gibbosa crescente
2024-04-20	11.078	ğŸŒ”	Gibbosa crescente
2024-04-21	11.856	ğŸŒ”	Gibbosa crescente
2024-04-22	12.711	ğŸŒ”	Gibbosa crescente
2024-04-23	13.567	ğŸŒ”	Gibbosa crescente
2024-04-24	14.422	ğŸŒ•	Luna piena
2024-04-25	15.356	ğŸŒ–	Gibbosa calante
2024-04-26	16.211	ğŸŒ–	Gibbosa calante
2024-04-27	17.145	ğŸŒ–	Gibbosa calante
2024-04-28	18.078	ğŸŒ–	Gibbosa calante
2024-04-29	19.011	ğŸŒ–	Gibbosa calante
2024-04-30	20.022	ğŸŒ–	Gibbosa calante
2024-05-01	20.956	ğŸŒ–	Gibbosa calante
2024-05-02	21.967	ğŸŒ—	Ultimo quarto
2024-05-03	22.978	ğŸŒ˜	Luna calante
2024-05-04	24.067	ğŸŒ˜	Luna calante
2024-05-05	25.156	ğŸŒ˜	Luna calante
2024-05-06	26.167	ğŸŒ˜	Luna calante
2024-05-07	27.256	ğŸŒ˜	Luna calante
2024-05-08	 0.345	ğŸŒ‘	Luna nuova
2024-05-09	 1.356	ğŸŒ’	Luna crescente
2024-05-10	 2.367	ğŸŒ’	Luna crescente
2024-05-11	 3.378	ğŸŒ’	Luna crescente
2024-05-12	 4.311	ğŸŒ’	Luna crescente
2024-05-13	 5.245	ğŸŒ’	Luna crescente
2024-05-14	 6.178	ğŸŒ’	Luna crescente
2024-05-15	 7.033	ğŸŒ“	Primo quarto
2024-05-16	 7.889	ğŸŒ”	Gibbosa crescente
2024-05-17	 8.745	ğŸŒ”	Gibbosa crescente
2024-05-18	 9.600	ğŸŒ”	Gibbosa crescente
2024-05-19	10.456	ğŸŒ”	Gibbosa crescente
2024-05-20	11.311	ğŸŒ”	Gibbosa crescente
2024-05-21	12.167	ğŸŒ”	Gibbosa crescente
2024-05-22	13.022	ğŸŒ”	Gibbosa crescente
2024-05-23	13.956	ğŸŒ”	Gibbosa crescente
2024-05-24	14.889	ğŸŒ•	Luna piena
2024-05-25	15.822	ğŸŒ–	Gibbosa calante
2024-05-26	16.756	ğŸŒ–	Gibbosa calante
2024-05-27	17.767	ğŸŒ–	Gibbosa calante
2024-05-28	18.700	ğŸŒ–	Gibbosa calante
2024-05-29	19.711	ğŸŒ–	Gibbosa calante
2024-05-30	20.722	ğŸŒ–	Gibbosa calante
2024-05-31	21.733	ğŸŒ—	Ultimo quarto
2024-06-01	22.745	ğŸŒ˜	Luna calante
2024-06-02	23.833	ğŸŒ˜	Luna calante
2024-06-03	24.845	ğŸŒ˜	Luna calante
2024-06-04	25.856	ğŸŒ˜	Luna calante
2024-06-05	26.867	ğŸŒ˜	Luna calante
2024-06-06	27.956	ğŸŒ˜	Luna calante
2024-06-07	 0.967	ğŸŒ‘	Luna nuova
2024-06-08	 1.900	ğŸŒ’	Luna crescente
2024-06-09	 2.911	ğŸŒ’	Luna crescente
2024-06-10	 3.767	ğŸŒ’	Luna crescente
2024-06-11	 4.700	ğŸŒ’	Luna crescente
2024-06-12	 5.556	ğŸŒ’	Luna crescente
2024-06-13	 6.411	ğŸŒ’	Luna crescente
2024-06-14	 7.267	ğŸŒ“	Primo quarto
2024-06-15	 8.122	ğŸŒ”	Gibbosa crescente
2024-06-16	 8.978	ğŸŒ”	Gibbosa crescente
2024-06-17	 9.833	ğŸŒ”	Gibbosa crescente
2024-06-18	10.689	ğŸŒ”	Gibbosa crescente
2024-06-19	11.545	ğŸŒ”	Gibbosa crescente
2024-06-20	12.478	ğŸŒ”	Gibbosa crescente
2024-06-21	13.489	ğŸŒ”	Gibbosa crescente
2024-06-22	14.422	ğŸŒ•	Luna piena
2024-06-23	15.433	ğŸŒ–	Gibbosa calante
2024-06-24	16.445	ğŸŒ–	Gibbosa calante
2024-06-25	17.456	ğŸŒ–	Gibbosa calante
2024-06-26	18.467	ğŸŒ–	Gibbosa calante
2024-06-27	19.478	ğŸŒ–	Gibbosa calante
2024-06-28	20.489	ğŸŒ–	Gibbosa calante
2024-06-29	21.578	ğŸŒ—	Ultimo quarto
2024-06-30	22.589	ğŸŒ˜	Luna calante
2024-07-01	23.600	ğŸŒ˜	Luna calante
2024-07-02	24.611	ğŸŒ˜	Luna calante
2024-07-03	25.545	ğŸŒ˜	Luna calante
2024-07-04	26.556	ğŸŒ˜	Luna calante
2024-07-05	27.567	ğŸŒ˜	Luna calante
2024-07-06	 0.500	ğŸŒ‘	Luna nuova
2024-07-07	 1.433	ğŸŒ’	Luna crescente
2024-07-08	 2.367	ğŸŒ’	Luna crescente
2024-07-09	 3.222	ğŸŒ’	Luna crescente
2024-07-10	 4.156	ğŸŒ’	Luna crescente
2024-07-11	 5.011	ğŸŒ’	Luna crescente
2024-07-12	 5.789	ğŸŒ’	Luna crescente
2024-07-13	 6.645	ğŸŒ’	Luna crescente
2024-07-14	 7.500	ğŸŒ“	Primo quarto
2024-07-15	 8.356	ğŸŒ”	Gibbosa crescente
2024-07-16	 9.211	ğŸŒ”	Gibbosa crescente
2024-07-17	10.145	ğŸŒ”	Gibbosa crescente
2024-07-18	11.078	ğŸŒ”	Gibbosa crescente
2024-07-19	12.011	ğŸŒ”	Gibbosa crescente
2024-07-20	13.022	ğŸŒ”	Gibbosa crescente
2024-07-21	14.033	ğŸŒ•	Luna piena
2024-07-22	15.045	ğŸŒ–	Gibbosa calante
2024-07-23	16.133	ğŸŒ–	Gibbosa calante
2024-07-24	17.145	ğŸŒ–	Gibbosa calante
2024-07-25	18.233	ğŸŒ–	Gibbosa calante
2024-07-26	19.245	ğŸŒ–	Gibbosa calante
2024-07-27	20.333	ğŸŒ–	Gibbosa calante
2024-07-28	21.345	ğŸŒ—	Ultimo quarto
2024-07-29	22.356	ğŸŒ˜	Luna calante
2024-07-30	23.289	ğŸŒ˜	Luna calante
2024-07-31	24.300	ğŸŒ˜	Luna calante
2024-08-01	25.233	ğŸŒ˜	Luna calante
2024-08-02	26.167	ğŸŒ˜	Luna calante
2024-08-03	27.100	ğŸŒ˜	Luna calante
2024-08-04	 0.033	ğŸŒ‘	Luna nuova
2024-08-05	 0.967	ğŸŒ’	Luna crescente
2024-08-06	 1.822	ğŸŒ’	Luna crescente
2024-08-07	 2.678	ğŸŒ’	Luna crescente
2024-08-08	 3.533	ğŸŒ’	Luna crescente
2024-08-09	 4.389	ğŸŒ’	Luna crescente
2024-08-10	 5.167	ğŸŒ’	Luna crescente
2024-08-11	 6.022	ğŸŒ’	Luna crescente
2024-08-12	 6.878	ğŸŒ’	Luna crescente
2024-08-13	 7.733	ğŸŒ“	Primo quarto
2024-08-14	 8.667	ğŸŒ”	Gibbosa crescente
2024-08-15	 9.600	ğŸŒ”	Gibbosa crescente
2024-08-16	10.533	ğŸŒ”	Gibbosa crescente
2024-08-17	11.545	ğŸŒ”	Gibbosa crescente
2024-08-18	12.556	ğŸŒ”	Gibbosa crescente
2024-08-19	13.645	ğŸŒ”	Gibbosa crescente
2024-08-20	14.733	ğŸŒ•	Luna piena
2024-08-21	15.822	ğŸŒ–	Gibbosa calante
2024-08-22	16.911	ğŸŒ–	Gibbosa calante
2024-08-23	17.922	ğŸŒ–	Gibbosa calante
2024-08-24	19.011	ğŸŒ–	Gibbosa calante
2024-08-25	20.022	ğŸŒ–	Gibbosa calante
2024-08-26	21.033	ğŸŒ—	Ultimo quarto
2024-08-27	22.045	ğŸŒ˜	Luna calante
2024-08-28	23.056	ğŸŒ˜	Luna calante
2024-08-29	23.989	ğŸŒ˜	Luna calante
2024-08-30	24.845	ğŸŒ˜	Luna calante
2024-08-31	25.778	ğŸŒ˜	Luna calante
2024-09-01	26.633	ğŸŒ˜	Luna calante
2024-09-02	27.567	ğŸŒ˜	Luna calante
2024-09-03	 0.422	ğŸŒ‘	Luna nuova
2024-09-04	 1.278	ğŸŒ’	Luna crescente
2024-09-05	 2.056	ğŸŒ’	Luna crescente
2024-09-06	 2.911	ğŸŒ’	Luna crescente
2024-09-07	 3.767	ğŸŒ’	Luna crescente
2024-09-08	 4.622	ğŸŒ’	Luna crescente
2024-09-09	 5.478	ğŸŒ’	Luna crescente
2024-09-10	 6.333	ğŸŒ’	Luna crescente
2024-09-11	 7.189	ğŸŒ“	Primo quarto
2024-09-12	 8.122	ğŸŒ”	Gibbosa crescente
2024-09-13	 9.133	ğŸŒ”	Gibbosa crescente
2024-09-14	10.067	ğŸŒ”	Gibbosa crescente
2024-09-15	11.078	ğŸŒ”	Gibbosa crescente
2024-09-16	12.167	ğŸŒ”	Gibbosa crescente
2024-09-17	13.256	ğŸŒ”	Gibbosa crescente
2024-09-18	14.345	ğŸŒ•	Luna piena
2024-09-19	15.433	ğŸŒ–	Gibbosa calante
2024-09-20	16.522	ğŸŒ–	Gibbosa calante
2024-09-21	17.611	ğŸŒ–	Gibbosa calante
2024-09-22	18.700	ğŸŒ–	Gibbosa calante
2024-09-23	19.711	ğŸŒ–	Gibbosa calante
2024-09-24	20.722	ğŸŒ–	Gibbosa calante
2024-09-25	21.656	ğŸŒ—	Ultimo quarto
2024-09-26	22.589	ğŸŒ˜	Luna calante
2024-09-27	23.522	ğŸŒ˜	Luna calante
2024-09-28	24.378	ğŸŒ˜	Luna calante
2024-09-29	25.233	ğŸŒ˜	Luna calante
2024-09-30	26.089	ğŸŒ˜	Luna calante
2024-10-01	26.945	ğŸŒ˜	Luna calante
2024-10-02	27.800	ğŸŒ˜	Luna calante
2024-10-03	 0.656	ğŸŒ‘	Luna nuova
2024-10-04	 1.511	ğŸŒ’	Luna crescente
2024-10-05	 2.367	ğŸŒ’	Luna crescente
2024-10-06	 3.145	ğŸŒ’	Luna crescente
2024-10-07	 4.078	ğŸŒ’	Luna crescente
2024-10-08	 4.933	ğŸŒ’	Luna crescente
2024-10-09	 5.789	ğŸŒ’	Luna crescente
2024-10-10	 6.722	ğŸŒ’	Luna crescente
2024-10-11	 7.656	ğŸŒ“	Primo quarto
2024-10-12	 8.667	ğŸŒ”	Gibbosa crescente
2024-10-13	 9.678	ğŸŒ”	Gibbosa crescente
2024-10-14	10.689	ğŸŒ”	Gibbosa crescente
2024-10-15	11.778	ğŸŒ”	Gibbosa crescente
2024-10-16	12.867	ğŸŒ”	Gibbosa crescente
2024-10-17	13.956	ğŸŒ”	Gibbosa crescente
2024-10-18	15.045	ğŸŒ–	Gibbosa calante
2024-10-19	16.133	ğŸŒ–	Gibbosa calante
2024-10-20	17.145	ğŸŒ–	Gibbosa calante
2024-10-21	18.233	ğŸŒ–	Gibbosa calante
2024-10-22	19.245	ğŸŒ–	Gibbosa calante
2024-10-23	20.256	ğŸŒ–	Gibbosa calante
2024-10-24	21.189	ğŸŒ—	Ultimo quarto
2024-10-25	22.045	ğŸŒ˜	Luna calante
2024-10-26	22.978	ğŸŒ˜	Luna calante
2024-10-27	23.833	ğŸŒ˜	Luna calante
2024-10-28	24.689	ğŸŒ˜	Luna calante
2024-10-29	25.467	ğŸŒ˜	Luna calante
2024-10-30	26.322	ğŸŒ˜	Luna calante
2024-10-31	27.178	ğŸŒ˜	Luna calante
2024-11-01	 0.033	ğŸŒ‘	Luna nuova
2024-11-02	 0.889	ğŸŒ’	Luna crescente
2024-11-03	 1.745	ğŸŒ’	Luna crescente
2024-11-04	 2.600	ğŸŒ’	Luna crescente
2024-11-05	 3.456	ğŸŒ’	Luna crescente
2024-11-06	 4.389	ğŸŒ’	Luna crescente
2024-11-07	 5.322	ğŸŒ’	Luna crescente
2024-11-08	 6.256	ğŸŒ’	Luna crescente
2024-11-09	 7.267	ğŸŒ“	Primo quarto
2024-11-10	 8.200	ğŸŒ”	Gibbosa crescente
2024-11-11	 9.211	ğŸŒ”	Gibbosa crescente
2024-11-12	10.300	ğŸŒ”	Gibbosa crescente
2024-11-13	11.311	ğŸŒ”	Gibbosa crescente
2024-11-14	12.400	ğŸŒ”	Gibbosa crescente
2024-11-15	13.489	ğŸŒ”	Gibbosa crescente
2024-11-16	14.578	ğŸŒ•	Luna piena
2024-11-17	15.667	ğŸŒ–	Gibbosa calante
2024-11-18	16.678	ğŸŒ–	Gibbosa calante
2024-11-19	17.689	ğŸŒ–	Gibbosa calante
2024-11-20	18.700	ğŸŒ–	Gibbosa calante
2024-11-21	19.633	ğŸŒ–	Gibbosa calante
2024-11-22	20.567	ğŸŒ–	Gibbosa calante
2024-11-23	21.422	ğŸŒ—	Ultimo quarto
2024-11-24	22.278	ğŸŒ˜	Luna calante
2024-11-25	23.133	ğŸŒ˜	Luna calante
2024-11-26	23.989	ğŸŒ˜	Luna calante
2024-11-27	24.767	ğŸŒ˜	Luna calante
2024-11-28	25.622	ğŸŒ˜	Luna calante
2024-11-29	26.478	ğŸŒ˜	Luna calante
2024-11-30	27.333	ğŸŒ˜	Luna calante
2024-12-01	 0.189	ğŸŒ‘	Luna nuova
2024-12-02	 1.122	ğŸŒ’	Luna crescente
2024-12-03	 2.056	ğŸŒ’	Luna crescente
2024-12-04	 2.989	ğŸŒ’	Luna crescente
2024-12-05	 3.922	ğŸŒ’	Luna crescente
2024-12-06	 4.856	ğŸŒ’	Luna crescente
2024-12-07	 5.867	ğŸŒ’	Luna crescente
2024-12-08	 6.800	ğŸŒ’	Luna crescente
2024-12-09	 7.811	ğŸŒ“	Primo quarto
2024-12-10	 8.822	ğŸŒ”	Gibbosa crescente
2024-12-11	 9.911	ğŸŒ”	Gibbosa crescente
2024-12-12	10.922	ğŸŒ”	Gibbosa crescente
2024-12-13	12.011	ğŸŒ”	Gibbosa crescente
2024-12-14	13.022	ğŸŒ”	Gibbosa crescente
2024-12-15	14.033	ğŸŒ•	Luna piena
2024-12-16	15.122	ğŸŒ–	Gibbosa calante
2024-12-17	16.133	ğŸŒ–	Gibbosa calante
2024-12-18	17.067	ğŸŒ–	Gibbosa calante
2024-12-19	18.000	ğŸŒ–	Gibbosa calante
2024-12-20	18.933	ğŸŒ–	Gibbosa calante
2024-12-21	19.789	ğŸŒ–	Gibbosa calante
2024-12-22	20.722	ğŸŒ–	Gibbosa calante
2024-12-23	21.500	ğŸŒ—	Ultimo quarto
2024-12-24	22.356	ğŸŒ˜	Luna calante
2024-12-25	23.211	ğŸŒ˜	Luna calante
2024-12-26	24.067	ğŸŒ˜	Luna calante
2024-12-27	24.922	ğŸŒ˜	Luna calante
2024-12-28	25.778	ğŸŒ˜	Luna calante
2024-12-29	26.633	ğŸŒ˜	Luna calante
2024-12-30	27.567	ğŸŒ˜	Luna calante
2024-12-31	 0.500	ğŸŒ‘	Luna nuova
2025-01-01	 1.511	ğŸŒ’	Luna crescente
2025-01-02	 2.445	ğŸŒ’	Luna crescente
2025-01-03	 3.456	ğŸŒ’	Luna crescente
2025-01-04	 4.467	ğŸŒ’	Luna crescente
2025-01-05	 5.478	ğŸŒ’	Luna crescente
2025-01-06	 6.489	ğŸŒ’	Luna crescente
2025-01-07	 7.500	ğŸŒ“	Primo quarto
2025-01-08	 8.511	ğŸŒ”	Gibbosa crescente
2025-01-09	 9.522	ğŸŒ”	Gibbosa crescente
2025-01-10	10.533	ğŸŒ”	Gibbosa crescente
2025-01-11	11.545	ğŸŒ”	Gibbosa crescente
2025-01-12	12.556	ğŸŒ”	Gibbosa crescente
2025-01-13	13.567	ğŸŒ”	Gibbosa crescente
2025-01-14	14.500	ğŸŒ•	Luna piena
2025-01-15	15.511	ğŸŒ–	Gibbosa calante
2025-01-16	16.445	ğŸŒ–	Gibbosa calante
2025-01-17	17.300	ğŸŒ–	Gibbosa calante
2025-01-18	18.233	ğŸŒ–	Gibbosa calante
2025-01-19	19.089	ğŸŒ–	Gibbosa calante
2025-01-20	19.945	ğŸŒ–	Gibbosa calante
2025-01-21	20.722	ğŸŒ–	Gibbosa calante
2025-01-22	21.578	ğŸŒ—	Ultimo quarto
2025-01-23	22.433	ğŸŒ˜	Luna calante
2025-01-24	23.289	ğŸŒ˜	Luna calante
2025-01-25	24.145	ğŸŒ˜	Luna calante
2025-01-26	25.078	ğŸŒ˜	Luna calante
2025-01-27	26.011	ğŸŒ˜	Luna calante
2025-01-28	26.945	ğŸŒ˜	Luna calante
2025-01-29	27.956	ğŸŒ˜	Luna calante
2025-01-30	 0.967	ğŸŒ‘	Luna nuova
2025-01-31	 1.978	ğŸŒ’	Luna crescente
2025-02-01	 2.989	ğŸŒ’	Luna crescente
2025-02-02	 4.000	ğŸŒ’	Luna crescente
2025-02-03	 5.089	ğŸŒ’	Luna crescente
2025-02-04	 6.100	ğŸŒ’	Luna crescente
2025-02-05	 7.111	ğŸŒ“	Primo quarto
2025-02-06	 8.122	ğŸŒ”	Gibbosa crescente
2025-02-07	 9.133	ğŸŒ”	Gibbosa crescente
2025-02-08	10.145	ğŸŒ”	Gibbosa crescente
2025-02-09	11.078	ğŸŒ”	Gibbosa crescente
2025-02-10	12.089	ğŸŒ”	Gibbosa crescente
2025-02-11	13.022	ğŸŒ”	Gibbosa crescente
2025-02-12	13.956	ğŸŒ”	Gibbosa crescente
2025-02-13	14.811	ğŸŒ•	Luna piena
2025-02-14	15.745	ğŸŒ–	Gibbosa calante
2025-02-15	16.600	ğŸŒ–	Gibbosa calante
2025-02-16	17.456	ğŸŒ–	Gibbosa calante
2025-02-17	18.311	ğŸŒ–	Gibbosa calante
2025-02-18	19.167	ğŸŒ–	Gibbosa calante
2025-02-19	19.945	ğŸŒ–	Gibbosa calante
2025-02-20	20.800	ğŸŒ–	Gibbosa calante
2025-02-21	21.656	ğŸŒ—	Ultimo quarto
2025-02-22	22.511	ğŸŒ˜	Luna calante
2025-02-23	23.445	ğŸŒ˜	Luna calante
2025-02-24	24.378	ğŸŒ˜	Luna calante
2025-02-25	25.389	ğŸŒ˜	Luna calante
2025-02-26	26.400	ğŸŒ˜	Luna calante
2025-02-27	27.411	ğŸŒ˜	Luna calante
2025-02-28	 0.422	ğŸŒ‘	Luna nuova
2025-03-01	 1.511	ğŸŒ’	Luna crescente
2025-03-02	 2.600	ğŸŒ’	Luna crescente
2025-03-03	 3.611	ğŸŒ’	Luna crescente
2025-03-04	 4.700	ğŸŒ’	Luna crescente
2025-03-05	 5.711	ğŸŒ’	Luna crescente
2025-03-06	 6.722	ğŸŒ’	Luna crescente
2025-03-07	 7.733	ğŸŒ“	Primo quarto
2025-03-08	 8.745	ğŸŒ”	Gibbosa crescente
2025-03-09	 9.678	ğŸŒ”	Gibbosa crescente
2025-03-10	10.611	ğŸŒ”	Gibbosa crescente
2025-03-11	11.545	ğŸŒ”	Gibbosa crescente
2025-03-12	12.478	ğŸŒ”	Gibbosa crescente
2025-03-13	13.333	ğŸŒ”	Gibbosa crescente
2025-03-14	14.189	ğŸŒ•	Luna piena
2025-03-15	15.045	ğŸŒ–	Gibbosa calante
2025-03-16	15.900	ğŸŒ–	Gibbosa calante
2025-03-17	16.756	ğŸŒ–	Gibbosa calante
2025-03-18	17.611	ğŸŒ–	Gibbosa calante
2025-03-19	18.467	ğŸŒ–	Gibbosa calante
2025-03-20	19.245	ğŸŒ–	Gibbosa calante
2025-03-21	20.100	ğŸŒ–	Gibbosa calante
2025-03-22	21.033	ğŸŒ—	Ultimo quarto
2025-03-23	21.889	ğŸŒ˜	Luna calante
2025-03-24	22.822	ğŸŒ˜	Luna calante
2025-03-25	23.833	ğŸŒ˜	Luna calante
2025-03-26	24.845	ğŸŒ˜	Luna calante
2025-03-27	25.856	ğŸŒ˜	Luna calante
2025-03-28	26.945	ğŸŒ˜	Luna calante
2025-03-29	27.956	ğŸŒ˜	Luna calante
2025-03-30	 1.045	ğŸŒ’	Luna crescente
2025-03-31	 2.211	ğŸŒ’	Luna crescente
2025-04-01	 3.222	ğŸŒ’	Luna crescente
2025-04-02	 4.311	ğŸŒ’	Luna crescente
2025-04-03	 5.400	ğŸŒ’	Luna crescente
2025-04-04	 6.411	ğŸŒ’	Luna crescente
2025-04-05	 7.345	ğŸŒ“	Primo quarto
2025-04-06	 8.278	ğŸŒ”	Gibbosa crescente
2025-04-07	 9.211	ğŸŒ”	Gibbosa crescente
2025-04-08	10.145	ğŸŒ”	Gibbosa crescente
2025-04-09	11.000	ğŸŒ”	Gibbosa crescente
2025-04-10	11.933	ğŸŒ”	Gibbosa crescente
2025-04-11	12.789	ğŸŒ”	Gibbosa crescente
2025-04-12	13.645	ğŸŒ”	Gibbosa crescente
2025-04-13	14.422	ğŸŒ•	Luna piena
2025-04-14	15.278	ğŸŒ–	Gibbosa calante
2025-04-15	16.133	ğŸŒ–	Gibbosa calante
2025-04-16	16.989	ğŸŒ–	Gibbosa calante
2025-04-17	17.845	ğŸŒ–	Gibbosa calante
2025-04-18	18.700	ğŸŒ–	Gibbosa calante
2025-04-19	19.556	ğŸŒ–	Gibbosa calante
2025-04-20	20.489	ğŸŒ–	Gibbosa calante
2025-04-21	21.345	ğŸŒ—	Ultimo quarto
2025-04-22	22.356	ğŸŒ˜	Luna calante
2025-04-23	23.367	ğŸŒ˜	Luna calante
2025-04-24	24.378	ğŸŒ˜	Luna calante
2025-04-25	25.389	ğŸŒ˜	Luna calante
2025-04-26	26.478	ğŸŒ˜	Luna calante
2025-04-27	27.567	ğŸŒ˜	Luna calante
2025-04-28	 0.656	ğŸŒ‘	Luna nuova
2025-04-29	 1.822	ğŸŒ’	Luna crescente
2025-04-30	 2.833	ğŸŒ’	Luna crescente
2025-05-01	 3.922	ğŸŒ’	Luna crescente
2025-05-02	 4.933	ğŸŒ’	Luna crescente
2025-05-03	 5.945	ğŸŒ’	Luna crescente
2025-05-04	 6.956	ğŸŒ’	Luna crescente
2025-05-05	 7.889	ğŸŒ“	Primo quarto
2025-05-06	 8.745	ğŸŒ”	Gibbosa crescente
2025-05-07	 9.600	ğŸŒ”	Gibbosa crescente
2025-05-08	10.456	ğŸŒ”	Gibbosa crescente
2025-05-09	11.311	ğŸŒ”	Gibbosa crescente
2025-05-10	12.167	ğŸŒ”	Gibbosa crescente
2025-05-11	13.022	ğŸŒ”	Gibbosa crescente
2025-05-12	13.878	ğŸŒ”	Gibbosa crescente
2025-05-13	14.733	ğŸŒ•	Luna piena
2025-05-14	15.589	ğŸŒ–	Gibbosa calante
2025-05-15	16.445	ğŸŒ–	Gibbosa calante
2025-05-16	17.300	ğŸŒ–	Gibbosa calante
2025-05-17	18.156	ğŸŒ–	Gibbosa calante
2025-05-18	19.089	ğŸŒ–	Gibbosa calante
2025-05-19	20.022	ğŸŒ–	Gibbosa calante
2025-05-20	20.956	ğŸŒ–	Gibbosa calante
2025-05-21	21.967	ğŸŒ—	Ultimo quarto
2025-05-22	22.978	ğŸŒ˜	Luna calante
2025-05-23	23.989	ğŸŒ˜	Luna calante
2025-05-24	25.078	ğŸŒ˜	Luna calante
2025-05-25	26.167	ğŸŒ˜	Luna calante
2025-05-26	27.256	ğŸŒ˜	Luna calante
2025-05-27	 0.345	ğŸŒ‘	Luna nuova
2025-05-28	 1.433	ğŸŒ’	Luna crescente
2025-05-29	 2.445	ğŸŒ’	Luna crescente
2025-05-30	 3.533	ğŸŒ’	Luna crescente
2025-05-31	 4.545	ğŸŒ’	Luna crescente
2025-06-01	 5.478	ğŸŒ’	Luna crescente
2025-06-02	 6.411	ğŸŒ’	Luna crescente
2025-06-03	 7.345	ğŸŒ“	Primo quarto
2025-06-04	 8.200	ğŸŒ”	Gibbosa crescente
2025-06-05	 9.056	ğŸŒ”	Gibbosa crescente
2025-06-06	 9.911	ğŸŒ”	Gibbosa crescente
2025-06-07	10.767	ğŸŒ”	Gibbosa crescente
2025-06-08	11.622	ğŸŒ”	Gibbosa crescente
2025-06-09	12.478	ğŸŒ”	Gibbosa crescente
2025-06-10	13.333	ğŸŒ”	Gibbosa crescente
2025-06-11	14.189	ğŸŒ•	Luna piena
2025-06-12	15.045	ğŸŒ–	Gibbosa calante
2025-06-13	15.978	ğŸŒ–	Gibbosa calante
2025-06-14	16.833	ğŸŒ–	Gibbosa calante
2025-06-15	17.767	ğŸŒ–	Gibbosa calante
2025-06-16	18.700	ğŸŒ–	Gibbosa calante
2025-06-17	19.711	ğŸŒ–	Gibbosa calante
2025-06-18	20.645	ğŸŒ–	Gibbosa calante
2025-06-19	21.656	ğŸŒ—	Ultimo quarto
2025-06-20	22.667	ğŸŒ˜	Luna calante
2025-06-21	23.756	ğŸŒ˜	Luna calante
2025-06-22	24.767	ğŸŒ˜	Luna calante
2025-06-23	25.856	ğŸŒ˜	Luna calante
2025-06-24	26.945	ğŸŒ˜	Luna calante
2025-06-25	27.956	ğŸŒ˜	Luna calante
2025-06-26	 1.045	ğŸŒ’	Luna crescente
2025-06-27	 2.056	ğŸŒ’	Luna crescente
2025-06-28	 3.067	ğŸŒ’	Luna crescente
2025-06-29	 4.078	ğŸŒ’	Luna crescente
2025-06-30	 5.011	ğŸŒ’	Luna crescente
2025-07-01	 5.945	ğŸŒ’	Luna crescente
2025-07-02	 6.800	ğŸŒ’	Luna crescente
2025-07-03	 7.656	ğŸŒ“	Primo quarto
2025-07-04	 8.511	ğŸŒ”	Gibbosa crescente
2025-07-05	 9.367	ğŸŒ”	Gibbosa crescente
2025-07-06	10.145	ğŸŒ”	Gibbosa crescente
2025-07-07	11.000	ğŸŒ”	Gibbosa crescente
2025-07-08	11.856	ğŸŒ”	Gibbosa crescente
2025-07-09	12.789	ğŸŒ”	Gibbosa crescente
2025-07-10	13.645	ğŸŒ”	Gibbosa crescente
2025-07-11	14.578	ğŸŒ•	Luna piena
2025-07-12	15.511	ğŸŒ–	Gibbosa calante
2025-07-13	16.445	ğŸŒ–	Gibbosa calante
2025-07-14	17.456	ğŸŒ–	Gibbosa calante
2025-07-15	18.467	ğŸŒ–	Gibbosa calante
2025-07-16	19.400	ğŸŒ–	Gibbosa calante
2025-07-17	20.411	ğŸŒ–	Gibbosa calante
2025-07-18	21.422	ğŸŒ—	Ultimo quarto
2025-07-19	22.433	ğŸŒ˜	Luna calante
2025-07-20	23.522	ğŸŒ˜	Luna calante
2025-07-21	24.533	ğŸŒ˜	Luna calante
2025-07-22	25.545	ğŸŒ˜	Luna calante
2025-07-23	26.633	ğŸŒ˜	Luna calante
2025-07-24	27.645	ğŸŒ˜	Luna calante
2025-07-25	 0.656	ğŸŒ‘	Luna nuova
2025-07-26	 1.667	ğŸŒ’	Luna crescente
2025-07-27	 2.600	ğŸŒ’	Luna crescente
2025-07-28	 3.533	ğŸŒ’	Luna crescente
2025-07-29	 4.467	ğŸŒ’	Luna crescente
2025-07-30	 5.322	ğŸŒ’	Luna crescente
2025-07-31	 6.178	ğŸŒ’	Luna crescente
2025-08-01	 7.033	ğŸŒ“	Primo quarto
2025-08-02	 7.889	ğŸŒ”	Gibbosa crescente
2025-08-03	 8.745	ğŸŒ”	Gibbosa crescente
2025-08-04	 9.522	ğŸŒ”	Gibbosa crescente
2025-08-05	10.456	ğŸŒ”	Gibbosa crescente
2025-08-06	11.311	ğŸŒ”	Gibbosa crescente
2025-08-07	12.245	ğŸŒ”	Gibbosa crescente
2025-08-08	13.178	ğŸŒ”	Gibbosa crescente
2025-08-09	14.111	ğŸŒ•	Luna piena
2025-08-10	15.122	ğŸŒ–	Gibbosa calante
2025-08-11	16.133	ğŸŒ–	Gibbosa calante
2025-08-12	17.145	ğŸŒ–	Gibbosa calante
2025-08-13	18.156	ğŸŒ–	Gibbosa calante
2025-08-14	19.167	ğŸŒ–	Gibbosa calante
2025-08-15	20.256	ğŸŒ–	Gibbosa calante
2025-08-16	21.267	ğŸŒ—	Ultimo quarto
2025-08-17	22.278	ğŸŒ˜	Luna calante
2025-08-18	23.289	ğŸŒ˜	Luna calante
2025-08-19	24.300	ğŸŒ˜	Luna calante
2025-08-20	25.311	ğŸŒ˜	Luna calante
2025-08-21	26.245	ğŸŒ˜	Luna calante
2025-08-22	27.256	ğŸŒ˜	Luna calante
2025-08-23	 0.189	ğŸŒ‘	Luna nuova
2025-08-24	 1.122	ğŸŒ’	Luna crescente
2025-08-25	 2.056	ğŸŒ’	Luna crescente
2025-08-26	 2.989	ğŸŒ’	Luna crescente
2025-08-27	 3.845	ğŸŒ’	Luna crescente
2025-08-28	 4.700	ğŸŒ’	Luna crescente
2025-08-29	 5.556	ğŸŒ’	Luna crescente
2025-08-30	 6.411	ğŸŒ’	Luna crescente
2025-08-31	 7.267	ğŸŒ“	Primo quarto
2025-09-01	 8.045	ğŸŒ”	Gibbosa crescente
2025-09-02	 8.978	ğŸŒ”	Gibbosa crescente
2025-09-03	 9.833	ğŸŒ”	Gibbosa crescente
2025-09-04	10.767	ğŸŒ”	Gibbosa crescente
2025-09-05	11.700	ğŸŒ”	Gibbosa crescente
2025-09-06	12.711	ğŸŒ”	Gibbosa crescente
2025-09-07	13.722	ğŸŒ”	Gibbosa crescente
2025-09-08	14.733	ğŸŒ•	Luna piena
2025-09-09	15.745	ğŸŒ–	Gibbosa calante
2025-09-10	16.833	ğŸŒ–	Gibbosa calante
2025-09-11	17.845	ğŸŒ–	Gibbosa calante
2025-09-12	18.933	ğŸŒ–	Gibbosa calante
2025-09-13	19.945	ğŸŒ–	Gibbosa calante
2025-09-14	21.033	ğŸŒ—	Ultimo quarto
2025-09-15	22.045	ğŸŒ˜	Luna calante
2025-09-16	22.978	ğŸŒ˜	Luna calante
2025-09-17	23.989	ğŸŒ˜	Luna calante
2025-09-18	24.922	ğŸŒ˜	Luna calante
2025-09-19	25.856	ğŸŒ˜	Luna calante
2025-09-20	26.789	ğŸŒ˜	Luna calante
2025-09-21	27.722	ğŸŒ˜	Luna calante
2025-09-22	 0.656	ğŸŒ‘	Luna nuova
2025-09-23	 1.511	ğŸŒ’	Luna crescente
2025-09-24	 2.367	ğŸŒ’	Luna crescente
2025-09-25	 3.222	ğŸŒ’	Luna crescente
2025-09-26	 4.078	ğŸŒ’	Luna crescente
2025-09-27	 4.933	ğŸŒ’	Luna crescente
2025-09-28	 5.711	ğŸŒ’	Luna crescente
2025-09-29	 6.567	ğŸŒ’	Luna crescente
2025-09-30	 7.422	ğŸŒ“	Primo quarto
2025-10-01	 8.356	ğŸŒ”	Gibbosa crescente
2025-10-02	 9.211	ğŸŒ”	Gibbosa crescente
2025-10-03	10.222	ğŸŒ”	Gibbosa crescente
2025-10-04	11.156	ğŸŒ”	Gibbosa crescente
2025-10-05	12.167	ğŸŒ”	Gibbosa crescente
2025-10-06	13.256	ğŸŒ”	Gibbosa crescente
2025-10-07	14.267	ğŸŒ•	Luna piena
2025-10-08	15.356	ğŸŒ–	Gibbosa calante
2025-10-09	16.445	ğŸŒ–	Gibbosa calante
2025-10-10	17.533	ğŸŒ–	Gibbosa calante
2025-10-11	18.622	ğŸŒ–	Gibbosa calante
2025-10-12	19.633	ğŸŒ–	Gibbosa calante
2025-10-13	20.645	ğŸŒ–	Gibbosa calante
2025-10-14	21.656	ğŸŒ—	Ultimo quarto
2025-10-15	22.667	ğŸŒ˜	Luna calante
2025-10-16	23.600	ğŸŒ˜	Luna calante
2025-10-17	24.533	ğŸŒ˜	Luna calante
2025-10-18	25.389	ğŸŒ˜	Luna calante
2025-10-19	26.322	ğŸŒ˜	Luna calante
2025-10-20	27.178	ğŸŒ˜	Luna calante
2025-10-21	 0.033	ğŸŒ‘	Luna nuova
2025-10-22	 0.889	ğŸŒ’	Luna crescente
2025-10-23	 1.745	ğŸŒ’	Luna crescente
2025-10-24	 2.600	ğŸŒ’	Luna crescente
2025-10-25	 3.378	ğŸŒ’	Luna crescente
2025-10-26	 4.233	ğŸŒ’	Luna crescente
2025-10-27	 5.089	ğŸŒ’	Luna crescente
2025-10-28	 5.945	ğŸŒ’	Luna crescente
2025-10-29	 6.800	ğŸŒ’	Luna crescente
2025-10-30	 7.733	ğŸŒ“	Primo quarto
2025-10-31	 8.667	ğŸŒ”	Gibbosa crescente
2025-11-01	 9.678	ğŸŒ”	Gibbosa crescente
2025-11-02	10.689	ğŸŒ”	Gibbosa crescente
2025-11-03	11.700	ğŸŒ”	Gibbosa crescente
2025-11-04	12.789	ğŸŒ”	Gibbosa crescente
2025-11-05	13.878	ğŸŒ”	Gibbosa crescente
2025-11-06	14.967	ğŸŒ•	Luna piena
2025-11-07	16.056	ğŸŒ–	Gibbosa calante
2025-11-08	17.145	ğŸŒ–	Gibbosa calante
2025-11-09	18.233	ğŸŒ–	Gibbosa calante
2025-11-10	19.245	ğŸŒ–	Gibbosa calante
2025-11-11	20.256	ğŸŒ–	Gibbosa calante
2025-11-12	21.189	ğŸŒ—	Ultimo quarto
2025-11-13	22.200	ğŸŒ˜	Luna calante
2025-11-14	23.056	ğŸŒ˜	Luna calante
2025-11-15	23.989	ğŸŒ˜	Luna calante
2025-11-16	24.845	ğŸŒ˜	Luna calante
2025-11-17	25.700	ğŸŒ˜	Luna calante
2025-11-18	26.556	ğŸŒ˜	Luna calante
2025-11-19	27.411	ğŸŒ˜	Luna calante
2025-11-20	 0.267	ğŸŒ‘	Luna nuova
2025-11-21	 1.045	ğŸŒ’	Luna crescente
2025-11-22	 1.900	ğŸŒ’	Luna crescente
2025-11-23	 2.756	ğŸŒ’	Luna crescente
2025-11-24	 3.611	ğŸŒ’	Luna crescente
2025-11-25	 4.467	ğŸŒ’	Luna crescente
2025-11-26	 5.322	ğŸŒ’	Luna crescente
2025-11-27	 6.256	ğŸŒ’	Luna crescente
2025-11-28	 7.189	ğŸŒ“	Primo quarto
2025-11-29	 8.122	ğŸŒ”	Gibbosa crescente
2025-11-30	 9.133	ğŸŒ”	Gibbosa crescente
2025-12-01	10.145	ğŸŒ”	Gibbosa crescente
2025-12-02	11.233	ğŸŒ”	Gibbosa crescente
2025-12-03	12.322	ğŸŒ”	Gibbosa crescente
2025-12-04	13.411	ğŸŒ”	Gibbosa crescente
2025-12-05	14.500	ğŸŒ•	Luna piena
2025-12-06	15.589	ğŸŒ–	Gibbosa calante
2025-12-07	16.678	ğŸŒ–	Gibbosa calante
2025-12-08	17.689	ğŸŒ–	Gibbosa calante
2025-12-09	18.700	ğŸŒ–	Gibbosa calante
2025-12-10	19.711	ğŸŒ–	Gibbosa calante
2025-12-11	20.645	ğŸŒ–	Gibbosa calante
2025-12-12	21.578	ğŸŒ—	Ultimo quarto
2025-12-13	22.511	ğŸŒ˜	Luna calante
2025-12-14	23.367	ğŸŒ˜	Luna calante
2025-12-15	24.222	ğŸŒ˜	Luna calante
2025-12-16	25.000	ğŸŒ˜	Luna calante
2025-12-17	25.856	ğŸŒ˜	Luna calante
2025-12-18	26.711	ğŸŒ˜	Luna calante
2025-12-19	27.567	ğŸŒ˜	Luna calante
2025-12-20	 0.422	ğŸŒ‘	Luna nuova
2025-12-21	 1.278	ğŸŒ’	Luna crescente
2025-12-22	 2.133	ğŸŒ’	Luna crescente
2025-12-23	 2.989	ğŸŒ’	Luna crescente
2025-12-24	 3.922	ğŸŒ’	Luna crescente
2025-12-25	 4.856	ğŸŒ’	Luna crescente
2025-12-26	 5.789	ğŸŒ’	Luna crescente
2025-12-27	 6.722	ğŸŒ’	Luna crescente
2025-12-28	 7.656	ğŸŒ“	Primo quarto
2025-12-29	 8.667	ğŸŒ”	Gibbosa crescente
2025-12-30	 9.756	ğŸŒ”	Gibbosa crescente
2025-12-31	10.767	ğŸŒ”	Gibbosa crescente
2026-01-01	11.856	ğŸŒ”	Gibbosa crescente
2026-01-02	12.945	ğŸŒ”	Gibbosa crescente
2026-01-03	13.956	ğŸŒ”	Gibbosa crescente
2026-01-04	15.045	ğŸŒ–	Gibbosa calante
2026-01-05	16.133	ğŸŒ–	Gibbosa calante
2026-01-06	17.145	ğŸŒ–	Gibbosa calante
2026-01-07	18.156	ğŸŒ–	Gibbosa calante
2026-01-08	19.089	ğŸŒ–	Gibbosa calante
2026-01-09	20.022	ğŸŒ–	Gibbosa calante
2026-01-10	20.878	ğŸŒ–	Gibbosa calante
2026-01-11	21.811	ğŸŒ—	Ultimo quarto
2026-01-12	22.589	ğŸŒ˜	Luna calante
2026-01-13	23.445	ğŸŒ˜	Luna calante
2026-01-14	24.300	ğŸŒ˜	Luna calante
2026-01-15	25.156	ğŸŒ˜	Luna calante
2026-01-16	26.011	ğŸŒ˜	Luna calante
2026-01-17	26.867	ğŸŒ˜	Luna calante
2026-01-18	27.722	ğŸŒ˜	Luna calante
2026-01-19	 0.578	ğŸŒ‘	Luna nuova
2026-01-20	 1.511	ğŸŒ’	Luna crescente
2026-01-21	 2.445	ğŸŒ’	Luna crescente
2026-01-22	 3.378	ğŸŒ’	Luna crescente
2026-01-23	 4.311	ğŸŒ’	Luna crescente
2026-01-24	 5.322	ğŸŒ’	Luna crescente
2026-01-25	 6.256	ğŸŒ’	Luna crescente
2026-01-26	 7.267	ğŸŒ“	Primo quarto
2026-01-27	 8.278	ğŸŒ”	Gibbosa crescente
2026-01-28	 9.367	ğŸŒ”	Gibbosa crescente
2026-01-29	10.378	ğŸŒ”	Gibbosa crescente
2026-01-30	11.389	ğŸŒ”	Gibbosa crescente
2026-01-31	12.478	ğŸŒ”	Gibbosa crescente
2026-02-01	13.489	ğŸŒ”	Gibbosa crescente
2026-02-02	14.500	ğŸŒ•	Luna piena
2026-02-03	15.511	ğŸŒ–	Gibbosa calante
2026-02-04	16.522	ğŸŒ–	Gibbosa calante
2026-02-05	17.456	ğŸŒ–	Gibbosa calante
2026-02-06	18.389	ğŸŒ–	Gibbosa calante
2026-02-07	19.322	ğŸŒ–	Gibbosa calante
2026-02-08	20.178	ğŸŒ–	Gibbosa calante
2026-02-09	21.033	ğŸŒ—	Ultimo quarto
2026-02-10	21.889	ğŸŒ˜	Luna calante
2026-02-11	22.667	ğŸŒ˜	Luna calante
2026-02-12	23.522	ğŸŒ˜	Luna calante
2026-02-13	24.378	ğŸŒ˜	Luna calante
2026-02-14	25.233	ğŸŒ˜	Luna calante
2026-02-15	26.167	ğŸŒ˜	Luna calante
2026-02-16	27.022	ğŸŒ˜	Luna calante
2026-02-17	27.956	ğŸŒ˜	Luna calante
2026-02-18	 0.967	ğŸŒ‘	Luna nuova
2026-02-19	 1.900	ğŸŒ’	Luna crescente
2026-02-20	 2.911	ğŸŒ’	Luna crescente
2026-02-21	 3.922	ğŸŒ’	Luna crescente
2026-02-22	 4.933	ğŸŒ’	Luna crescente
2026-02-23	 5.945	ğŸŒ’	Luna crescente
2026-02-24	 6.956	ğŸŒ’	Luna crescente
2026-02-25	 7.967	ğŸŒ“	Primo quarto
2026-02-26	 8.978	ğŸŒ”	Gibbosa crescente
2026-02-27	 9.989	ğŸŒ”	Gibbosa crescente
2026-02-28	11.000	ğŸŒ”	Gibbosa crescente
2026-03-01	12.011	ğŸŒ”	Gibbosa crescente
2026-03-02	13.022	ğŸŒ”	Gibbosa crescente
2026-03-03	13.956	ğŸŒ”	Gibbosa crescente
2026-03-04	14.967	ğŸŒ•	Luna piena
2026-03-05	15.900	ğŸŒ–	Gibbosa calante
2026-03-06	16.833	ğŸŒ–	Gibbosa calante
2026-03-07	17.689	ğŸŒ–	Gibbosa calante
2026-03-08	18.622	ğŸŒ–	Gibbosa calante
2026-03-09	19.400	ğŸŒ–	Gibbosa calante
2026-03-10	20.256	ğŸŒ–	Gibbosa calante
2026-03-11	21.111	ğŸŒ—	Ultimo quarto
2026-03-12	21.967	ğŸŒ˜	Luna calante
2026-03-13	22.822	ğŸŒ˜	Luna calante
2026-03-14	23.678	ğŸŒ˜	Luna calante
2026-03-15	24.533	ğŸŒ˜	Luna calante
2026-03-16	25.467	ğŸŒ˜	Luna calante
2026-03-17	26.478	ğŸŒ˜	Luna calante
2026-03-18	27.411	ğŸŒ˜	Luna calante
2026-03-19	 0.422	ğŸŒ‘	Luna nuova
2026-03-20	 1.433	ğŸŒ’	Luna crescente
2026-03-21	 2.522	ğŸŒ’	Luna crescente
2026-03-22	 3.533	ğŸŒ’	Luna crescente
2026-03-23	 4.545	ğŸŒ’	Luna crescente
2026-03-24	 5.633	ğŸŒ’	Luna crescente
2026-03-25	 6.645	ğŸŒ’	Luna crescente
2026-03-26	 7.656	ğŸŒ“	Primo quarto
2026-03-27	 8.667	ğŸŒ”	Gibbosa crescente
2026-03-28	 9.600	ğŸŒ”	Gibbosa crescente
2026-03-29	10.611	ğŸŒ”	Gibbosa crescente
2026-03-30	11.545	ğŸŒ”	Gibbosa crescente
2026-03-31	12.556	ğŸŒ”	Gibbosa crescente
2026-04-01	13.489	ğŸŒ”	Gibbosa crescente
2026-04-02	14.422	ğŸŒ•	Luna piena
2026-04-03	15.278	ğŸŒ–	Gibbosa calante
2026-04-04	16.211	ğŸŒ–	Gibbosa calante
2026-04-05	17.067	ğŸŒ–	Gibbosa calante
2026-04-06	17.922	ğŸŒ–	Gibbosa calante
2026-04-07	18.700	ğŸŒ–	Gibbosa calante
2026-04-08	19.556	ğŸŒ–	Gibbosa calante
2026-04-09	20.411	ğŸŒ–	Gibbosa calante
2026-04-10	21.267	ğŸŒ—	Ultimo quarto
2026-04-11	22.122	ğŸŒ˜	Luna calante
2026-04-12	22.978	ğŸŒ˜	Luna calante
2026-04-13	23.911	ğŸŒ˜	Luna calante
2026-04-14	24.922	ğŸŒ˜	Luna calante
2026-04-15	25.933	ğŸŒ˜	Luna calante
2026-04-16	26.945	ğŸŒ˜	Luna calante
2026-04-17	27.956	ğŸŒ˜	Luna calante
2026-04-18	 1.045	ğŸŒ’	Luna crescente
2026-04-19	 2.133	ğŸŒ’	Luna crescente
2026-04-20	 3.145	ğŸŒ’	Luna crescente
2026-04-21	 4.233	ğŸŒ’	Luna crescente
2026-04-22	 5.322	ğŸŒ’	Luna crescente
2026-04-23	 6.333	ğŸŒ’	Luna crescente
2026-04-24	 7.345	ğŸŒ“	Primo quarto
2026-04-25	 8.278	ğŸŒ”	Gibbosa crescente
2026-04-26	 9.289	ğŸŒ”	Gibbosa crescente
2026-04-27	10.222	ğŸŒ”	Gibbosa crescente
2026-04-28	11.156	ğŸŒ”	Gibbosa crescente
2026-04-29	12.089	ğŸŒ”	Gibbosa crescente
2026-04-30	12.945	ğŸŒ”	Gibbosa crescente
2026-05-01	13.878	ğŸŒ”	Gibbosa crescente
2026-05-02	14.733	ğŸŒ•	Luna piena
2026-05-03	15.589	ğŸŒ–	Gibbosa calante
2026-05-04	16.445	ğŸŒ–	Gibbosa calante
2026-05-05	17.222	ğŸŒ–	Gibbosa calante
2026-05-06	18.078	ğŸŒ–	Gibbosa calante
2026-05-07	18.933	ğŸŒ–	Gibbosa calante
2026-05-08	19.789	ğŸŒ–	Gibbosa calante
2026-05-09	20.645	ğŸŒ–	Gibbosa calante
2026-05-10	21.500	ğŸŒ—	Ultimo quarto
2026-05-11	22.433	ğŸŒ˜	Luna calante
2026-05-12	23.445	ğŸŒ˜	Luna calante
2026-05-13	24.378	ğŸŒ˜	Luna calante
2026-05-14	25.467	ğŸŒ˜	Luna calante
2026-05-15	26.478	ğŸŒ˜	Luna calante
2026-05-16	27.567	ğŸŒ˜	Luna calante
2026-05-17	 0.656	ğŸŒ‘	Luna nuova
2026-05-18	 1.745	ğŸŒ’	Luna crescente
2026-05-19	 2.833	ğŸŒ’	Luna crescente
2026-05-20	 3.922	ğŸŒ’	Luna crescente
2026-05-21	 5.011	ğŸŒ’	Luna crescente
2026-05-22	 6.022	ğŸŒ’	Luna crescente
2026-05-23	 7.033	ğŸŒ“	Primo quarto
2026-05-24	 7.967	ğŸŒ”	Gibbosa crescente
2026-05-25	 8.900	ğŸŒ”	Gibbosa crescente
2026-05-26	 9.833	ğŸŒ”	Gibbosa crescente
2026-05-27	10.689	ğŸŒ”	Gibbosa crescente
2026-05-28	11.622	ğŸŒ”	Gibbosa crescente
2026-05-29	12.478	ğŸŒ”	Gibbosa crescente
2026-05-30	13.333	ğŸŒ”	Gibbosa crescente
2026-05-31	14.111	ğŸŒ•	Luna piena
2026-06-01	14.967	ğŸŒ–	Gibbosa calante
2026-06-02	15.822	ğŸŒ–	Gibbosa calante
2026-06-03	16.678	ğŸŒ–	Gibbosa calante
2026-06-04	17.533	ğŸŒ–	Gibbosa calante
2026-06-05	18.389	ğŸŒ–	Gibbosa calante
2026-06-06	19.245	ğŸŒ–	Gibbosa calante
2026-06-07	20.178	ğŸŒ–	Gibbosa calante
2026-06-08	21.033	ğŸŒ—	Ultimo quarto
2026-06-09	22.045	ğŸŒ˜	Luna calante
2026-06-10	22.978	ğŸŒ˜	Luna calante
2026-06-11	23.989	ğŸŒ˜	Luna calante
2026-06-12	25.078	ğŸŒ˜	Luna calante
2026-06-13	26.089	ğŸŒ˜	Luna calante
2026-06-14	27.256	ğŸŒ˜	Luna calante
2026-06-15	 0.345	ğŸŒ‘	Luna nuova
2026-06-16	 1.433	ğŸŒ’	Luna crescente
2026-06-17	 2.522	ğŸŒ’	Luna crescente
2026-06-18	 3.611	ğŸŒ’	Luna crescente
2026-06-19	 4.622	ğŸŒ’	Luna crescente
2026-06-20	 5.633	ğŸŒ’	Luna crescente
2026-06-21	 6.645	ğŸŒ’	Luna crescente
2026-06-22	 7.578	ğŸŒ“	Primo quarto
2026-06-23	 8.511	ğŸŒ”	Gibbosa crescente
2026-06-24	 9.367	ğŸŒ”	Gibbosa crescente
2026-06-25	10.222	ğŸŒ”	Gibbosa crescente
2026-06-26	11.078	ğŸŒ”	Gibbosa crescente
2026-06-27	11.933	ğŸŒ”	Gibbosa crescente
2026-06-28	12.789	ğŸŒ”	Gibbosa crescente
2026-06-29	13.567	ğŸŒ”	Gibbosa crescente
2026-06-30	14.422	ğŸŒ•	Luna piena
2026-07-01	15.278	ğŸŒ–	Gibbosa calante
2026-07-02	16.133	ğŸŒ–	Gibbosa calante
2026-07-03	17.067	ğŸŒ–	Gibbosa calante
2026-07-04	17.922	ğŸŒ–	Gibbosa calante
2026-07-05	18.856	ğŸŒ–	Gibbosa calante
2026-07-06	19.711	ğŸŒ–	Gibbosa calante
2026-07-07	20.722	ğŸŒ–	Gibbosa calante
2026-07-08	21.656	ğŸŒ—	Ultimo quarto
2026-07-09	22.667	ğŸŒ˜	Luna calante
2026-07-10	23.678	ğŸŒ˜	Luna calante
2026-07-11	24.767	ğŸŒ˜	Luna calante
2026-07-12	25.778	ğŸŒ˜	Luna calante
2026-07-13	26.867	ğŸŒ˜	Luna calante
2026-07-14	27.956	ğŸŒ˜	Luna calante
2026-07-15	 1.045	ğŸŒ’	Luna crescente
2026-07-16	 2.133	ğŸŒ’	Luna crescente
2026-07-17	 3.222	ğŸŒ’	Luna crescente
2026-07-18	 4.233	ğŸŒ’	Luna crescente
2026-07-19	 5.245	ğŸŒ’	Luna crescente
2026-07-20	 6.178	ğŸŒ’	Luna crescente
2026-07-21	 7.111	ğŸŒ“	Primo quarto
2026-07-22	 7.967	ğŸŒ”	Gibbosa crescente
2026-07-23	 8.822	ğŸŒ”	Gibbosa crescente
2026-07-24	 9.678	ğŸŒ”	Gibbosa crescente
2026-07-25	10.533	ğŸŒ”	Gibbosa crescente
2026-07-26	11.389	ğŸŒ”	Gibbosa crescente
2026-07-27	12.167	ğŸŒ”	Gibbosa crescente
2026-07-28	13.022	ğŸŒ”	Gibbosa crescente
2026-07-29	13.956	ğŸŒ”	Gibbosa crescente
2026-07-30	14.811	ğŸŒ•	Luna piena
2026-07-31	15.667	ğŸŒ–	Gibbosa calante
2026-08-01	16.600	ğŸŒ–	Gibbosa calante
2026-08-02	17.533	ğŸŒ–	Gibbosa calante
2026-08-03	18.467	ğŸŒ–	Gibbosa calante
2026-08-04	19.400	ğŸŒ–	Gibbosa calante
2026-08-05	20.411	ğŸŒ–	Gibbosa calante
2026-08-06	21.345	ğŸŒ—	Ultimo quarto
2026-08-07	22.356	ğŸŒ˜	Luna calante
2026-08-08	23.445	ğŸŒ˜	Luna calante
2026-08-09	24.456	ğŸŒ˜	Luna calante
2026-08-10	25.545	ğŸŒ˜	Luna calante
2026-08-11	26.556	ğŸŒ˜	Luna calante
2026-08-12	27.645	ğŸŒ˜	Luna calante
2026-08-13	 0.733	ğŸŒ‘	Luna nuova
2026-08-14	 1.745	ğŸŒ’	Luna crescente
2026-08-15	 2.756	ğŸŒ’	Luna crescente
2026-08-16	 3.767	ğŸŒ’	Luna crescente
2026-08-17	 4.700	ğŸŒ’	Luna crescente
2026-08-18	 5.633	ğŸŒ’	Luna crescente
2026-08-19	 6.489	ğŸŒ’	Luna crescente
2026-08-20	 7.422	ğŸŒ“	Primo quarto
2026-08-21	 8.278	ğŸŒ”	Gibbosa crescente
2026-08-22	 9.056	ğŸŒ”	Gibbosa crescente
2026-08-23	 9.911	ğŸŒ”	Gibbosa crescente
2026-08-24	10.767	ğŸŒ”	Gibbosa crescente
2026-08-25	11.622	ğŸŒ”	Gibbosa crescente
2026-08-26	12.478	ğŸŒ”	Gibbosa crescente
2026-08-27	13.411	ğŸŒ”	Gibbosa crescente
2026-08-28	14.267	ğŸŒ•	Luna piena
2026-08-29	15.200	ğŸŒ–	Gibbosa calante
2026-08-30	16.211	ğŸŒ–	Gibbosa calante
2026-08-31	17.145	ğŸŒ–	Gibbosa calante
2026-09-01	18.156	ğŸŒ–	Gibbosa calante
2026-09-02	19.089	ğŸŒ–	Gibbosa calante
2026-09-03	20.100	ğŸŒ–	Gibbosa calante
2026-09-04	21.111	ğŸŒ—	Ultimo quarto
2026-09-05	22.122	ğŸŒ˜	Luna calante
2026-09-06	23.211	ğŸŒ˜	Luna calante
2026-09-07	24.222	ğŸŒ˜	Luna calante
2026-09-08	25.233	ğŸŒ˜	Luna calante
2026-09-09	26.245	ğŸŒ˜	Luna calante
2026-09-10	27.333	ğŸŒ˜	Luna calante
2026-09-11	 0.345	ğŸŒ‘	Luna nuova
2026-09-12	 1.278	ğŸŒ’	Luna crescente
2026-09-13	 2.289	ğŸŒ’	Luna crescente
2026-09-14	 3.222	ğŸŒ’	Luna crescente
2026-09-15	 4.156	ğŸŒ’	Luna crescente
2026-09-16	 5.011	ğŸŒ’	Luna crescente
2026-09-17	 5.867	ğŸŒ’	Luna crescente
2026-09-18	 6.722	ğŸŒ’	Luna crescente
2026-09-19	 7.578	ğŸŒ“	Primo quarto
2026-09-20	 8.433	ğŸŒ”	Gibbosa crescente
2026-09-21	 9.289	ğŸŒ”	Gibbosa crescente
2026-09-22	10.145	ğŸŒ”	Gibbosa crescente
2026-09-23	11.000	ğŸŒ”	Gibbosa crescente
2026-09-24	11.933	ğŸŒ”	Gibbosa crescente
2026-09-25	12.867	ğŸŒ”	Gibbosa crescente
2026-09-26	13.800	ğŸŒ”	Gibbosa crescente
